name,ghs
1 DE DICIEMBRE,6msg
1 DE MAYO,6msg
1 DE MAYO APV.ZARZUELA ALTA,6msg 6msg4 6msg41
10 DE JUNIO,6msg
11 DE ENERO,6msg
12 DE ABRIL,6msg4 6msg47
12 DE OCTUBRE,6msfg
18 DE MAYO,6msg4
2 DE MAYO,6msg 6msg4
21 DE MAYO,6msg4 6msg41
24 DE FEBRERO,6msg47
24 DE JUNIO,6msg4
28 DE JULIO,6msg 6msg4
28 DE JULIO-TTIO,6msg4
28 DE OCTUBRE,6msg
3 DE OCTUBRE,6msg41
30 DE AGOSTO,6msg4c
30 DE SET. PICOL ORCCOMPUJIO,6msfg
30 DE SETIEMBRE,6msfg
31 DE ENERO,6msf
4 DE JULIO,6msg
4 DE OCTUBRE,6msg4
4 DE SETIEMBRE,6msg41
5 LOS CHACHACOMOS-VERSALLES,6msfg 6msg
7 DE JULIO,6msg4
7 DE JUNIO,6msg
8 DE MARZO,6msg41
8 DE OCTUBRE,6msg
9 DE DICIEMBRE (VILLA SUIZA),6msf
9 DE FEBRERO,6msg
9 DE OCTUBRE,6msg 6msg4
A. MENDIGURE,6msfg
ABANCAY,6msg
ABANCAY-APV.ROCOPATA,6msg
ABEL LANDEO,6msg4 6msg47
ABELARDO UGARTE,6msg41
ABRACITOS,6msg4
ABRAHAM VALDELOMAR,6msg4
ABRAHAM VALDEROMAR,6msg4
ACIAAS,6msf
ACLLAS,6msg4
ACOMAYO,6msg4
ACOPIA,6msfg
ACROPOLIS (SAN JERONIMO),6msfg
AEROPUERTO ALEJANDRO VELASCO ASTETE,6msf
AFLIGIDOS,6msg4
AGROPECUARIA,6msg4
AGUA BUENA,6msf
AGUA DULCE (TICATICA),6msg
AGUAS MARINAS,6msg4
AGUILA DE ORO,6msg
AGUIRRES SECTOR SAN ANTONIO,6msfg
AGUSTIN GAMARRA,6msg 6msg4 6msg41 6msg47
ALABADO,6msg4
ALAMEDA PACHACUTEQ,6msg4
ALBERTO VEGA CENTENO,6msg4c
ALEJANDRO VELASCO,6msg 6msg4 6msg47
ALEJANDRO VERA,6msg
ALEMANIA FEDERAL,6msg
ALFONSO UGARTE,6msf 6msg 6msg4 6msg41
ALFONSO UGARTE (M. DERECHA),6msf
ALFREDO MENDIVIL,6msf
ALFREDO YEPEZ MIRANDA,6msg4 6msg4c
ALIANZA,6msg
ALMAGRO,6msf 6msg4
ALMUDENA,6msg
ALMUDENA (CEMENTERIO),6msg
ALTIVA CANAS,6msfg
ALTO CUSCO,6msg
ALTO PERU,6msg4 6msg47
ALTO WIMPILLAY,6msf 6msfg
AMADEO REPETO,6msg41
AMANCAES,6msf 6msfg 6msg
AMATISTAS,6msfg
AMAUTA,6msg4 6msg4c
AMAUTA-TTIO,6msg4
AMERICA,6msg 6msg4
ANCASH,6msg4
ANDAHUAYLAS,6msg4
ANDENCCAHUARINA,6msg4
ANDRES ALICANTE,6msfg 6msg
ANDRES AVELINO CACERES,6msg 6msg4 6msg4c
ANDRES AVELINO CACERES (M. DERECHA),6msf 6msg
ANGAMOS,6msfg 6msg 6msg4
ANGELES DE MARIA SAN JERONIMO,6msfg
ANIBAL VALENCIA,6msg4c
ANSELMO ALVAREZ,6msg4
ANTA,6msg4
ANTISUYO,6msg4
ANTONIO BASTIDAS,6msfg
ANTONIO LORENA,6msg 6msg4 6msg41
ANTONIO RAYMONDI,6msg4
APROVITE,6msfg
APROVITE III-ETAPA,6msfg
APURIMAC,6msg
ARCO IRIS,6msg4
ARCO PUNCO SECTOR TICA-TICA,6msg
ARCOPATA,6msg
ARCOPUNCO,6msg4
AREQUIPA,6msg 6msg4 6msg41
ARGENTINA,6msg 6msg4 6msg47
ARICA,6msg 6msg4
ARONES,6msg
ARRAYAN,6msg4
ASOCIACION,6msg4
ATAHUALLPA,6msf 6msg 6msg4 6msg47
ATAUD,6msg4
ATOCSAYCUCHI,6msg4
AUGUSTO B. LEGUIA,6msg
AUGUSTO CORNEJO,6msg
AURORA RUIZ CARO,6msfg
AUSARAY,6msg
AV. CUSCO,6msg4c
AVENIDA ALTA,6msg
AVENIDA BAJA,6msg
AVENIDA DOS,6msg
AVENIDA GRAU,6msf 6msg 6msg4 6msg41
AVENIDA MANCO CCAPAC,6msf 6msfg
AVENIDA UNO PARTE ALTA,6msfg 6msg
AWACPINTA,6msg4 6msg41
AYACUCHO,6msg 6msg4
AYACUCHO-TTIO,6msg4
AYAHUAYCO,6msg
AYARMACA,6msg
AYARMARCA,6msg
AYUDA MUTUA,6msg4 6msg47
BABILONIA,6msfg
BAJO WIMPILLAI,6msf
BALCON DEL INCA,6msfg
BALCONCILLO,6msg 6msg4 6msg47
BALCONES DEL INCA,6msg4
BALTAZAR ZEGARRA,6msg 6msg47
BANCO DE CREDITO,6msfg
BANCOPATA,6msg4
BARILOCHE,6msfg 6msg 6msg4
BARRANCO-APV.RUIZ CARO,6msg
BARRANQUILLA,6msg
BARRANQUILLO - CUSCO,6msg
BARRIENTOS,6msg
BARRIO DE DIOS,6msf
BARRIO PROFESIONAL,6msg4 6msg47
BARRIO SANTA ANA,6msg
BARTOLINA SISA,6msfg
BAYONETA,6msg
BELEMPAMPA,6msg41
BELEMPATA (APROVITE),6msfg
BELEN,6msg4 6msg41
BELLAVISTA,6msg 6msg4 6msg41 6msg47
BERNARDO ALCEDO,6msg41
BERNARDO TAMBOHUACSO,6msfg 6msg4
BERNARDO TAMBOHUACSO PUMAYALLI,6msf 6msfg
BOLIVAR,6msfg 6msg 6msg4c
BOLOGNESI,6msg 6msg4
BOMBAPATA (QUISPIQUILLA CHICO),6msfg
BRASIL,6msg4 6msg47 6msg4c
BREA Y PARIÐAS,6msg
BRISAS DEL ARCO,6msg
BRIZAS DE LARAPA,6msg
BUENA VISTA,6msg 6msg4
BUENOS AIRES (TICATICA),6msg
CABILDO,6msg4
CABRACANCHA,6msg4
CACHIMAYO,6msfg 6msg
CACIQUE (APV LOS INCAS),6msg4
CAHUARINA,6msg4
CAHUIDE,6msf 6msfg 6msg4 6msg47 6msg4c
CAJAMARCA,6msg4
CAJONPATA,6msg4
CALABERAYOC,6msfg 6msg
CALCA,6msg4
CALCA-PROGRESO,6msg4
CALERA - GUNTHER,6msg4
CALLE (B),6msfg
CALLE NUEVA,6msg4
CALLE SIN NOMBRE,6msf 6msfg
CALLE SIN NOMBRE-13 RAMIRO PRIALE,6msf
CALLE-01,6msf
CALLE-02,6msf
CALLE-03,6msf
CALLE-04,6msf 6msfg
CALLE-05,6msf
CALLQUIPATA,6msg
CALVARIO (WANCHAQ),6msg4
CAMINO AL CIELO,6msg
CAMINO INCA,6msg
CAMINO REAL,6msfg 6msg 6msg4 6msg4c
CAMINO REAL CUSCO,6msg
CAMPIÐA ALTA,6msg 6msg4c
CAMPIÐA BAJA-SAN SEBASTIAN,6msg 6msg4c
CAMPO VERDE SECTOR TICATICA,6msg
CANADA,6msg4c
CANAS,6msg4
CANAS-PROGRESO,6msg4
CANCHIPATA,6msg4
CANCHIS,6msg4
CANCHISPUJIO,6msg4
CANTERAC,6msg
CANTO GRANDE SAN SEBASTIAN,6msfg
CAPAC MOCCO,6msg
CAPAC YUPANQUI,6msf 6msg4
CAPILLAYOC,6msg
CARLOS ALBERTO HIDALGO,6msg4
CARLOS PINILLOS,6msf
CARLOS UGARTE,6msg4 6msg41
CARMEN ALTO,6msg4
CARMEN BAJO,6msg 6msg4
CARMEN QUICLLO,6msg4
CARMEN ROSA NOGUERA,6msfg
CARMENCA,6msg
CARPIO,6msg4 6msg4c
CARRIZALES,6msg
CARRIZOS,6msg4
CASA GRANDE,6msfg
CASTILLA-RAMIRO PRIALE,6msg4
CASUARINAS NORTE,6msfg
CASUARINAS SUR,6msfg
CCAPAC MOCCO,6msg
CCARAMASCARA,6msfg 6msg
CCASCAPARO,6msg 6msg4
CCASCAPARO CHICO,6msg
CCORICALLE,6msg4
CCORIMACHAHUAYNIYOC,6msg 6msg41
CCOYA,6msg4
CENIZA,6msg
CENTENARIO,6msg4 6msg41
CENTENARIO DEL CUSCO,6msg
CERVECEROS,6msg4 6msg4c
CESAR VALLEJO,6msf 6msfg 6msg
CESAR VALLEJO-SANTA MONICA,6msg4
CESAR VALLEJO-TTIO,6msg4
CESAR VARGAS,6msg47
CHACHACOMAYOC,6msf 6msfg 6msg4
CHACHACOMO,6msf 6msfg
CHANAPATA,6msg
CHANCAS,6msg4
CHAPARRO,6msg 6msg4c
CHASQUI,6msg4
CHAVEZ,6msg4c
CHAVIN,6msfg 6msg4
CHICAGO (CONSTRUCCION CIVIL),6msg
CHIHUAMPATA,6msg4
CHILE,6msg4
CHIMA,6msg
CHIMU,6msf 6msfg
CHINCHAYSUYO,6msg4 6msg47
CHINCHERO,6msg
CHOCCO (SANTIAGO),6msf
CHOQUECHACA,6msg 6msg4
CHUMBIVILCAS,6msg4
CINCO,6msfg 6msg
CINCO DE ABRIL,6msg
CIPRESES,6msg4
CIRCUMVALACION-NORTE SAN JERONIMO,6msf 6msfg 6msg
CIRCUNVALACION,6msg4 6msg47
CIRO ALEGRIA,6msf 6msfg 6msg4 6msg41
CIRO ALEGRIA-SANTA MONICA,6msg4
CIRO ALEGR═A,6msg 6msg47
CLORINDA MATTO,6msg41
CLORINDA MATTO DE TURNER,6msf 6msg4 6msg4c
CODIGO 2001 SIN NOMBRE,6msg4
CODIGO 2005 SIN NOMBRE,6msg4
CODIGO 2017 SIN NOMBRE,6msf
CODIGO 2020 SIN NOMBRE,6msf
CODIGO 2050 SIN NOMBRE,6msg4
CODIGO 2410 SIN NOMBRE,6msg
CODIGO 4129 SIN NOMBRE,6msg
COLCAMPATA,6msg4
COLLACALLE,6msg4
COLLASUYO,6msf 6msg 6msg4 6msg47
COLOMBIA,6msg 6msg4 6msg47
COLONIAL,6msg 6msg4
COLQUEPATA,6msg
COMBAPATA,6msg4
COMERCIO,6msg 6msg4
COMERCIO (VERSALLES),6msg
CONCEPCION,6msg 6msg4
CONCEPCION (CUATRO TORRES),6msg4
CONCEVIDAYOC,6msg 6msg4
CONCORDIA,6msg4
CONDOMINIO,6msfg 6msg
CONDORCANQUI,6msg47
CONFITURIA,6msg4
CONFRATERNIDAD,6msfg 6msg 6msg4
CONQUISTA,6msg
CONQUISTADORES,6msg
CONSEMTAP,6msfg
CONSTANCIA,6msg4
CONSTANZA,6msg4
CONSTITUCION,6msg4
CONSTRUCCION CIVIL,6msg
CONSTRUCTORES,6msfg
CONSUELO G. DE VELASCO,6msg4
COOVECRIF,6msg4
COPACABANA,6msg4
COQUIMBO,6msg 6msg41
CORDE CUSCO TERCERA ETAPA,6msfg
CORDOVA DE TUCUMAN,6msg4
CORICANCHA,6msf 6msg4
CORREO,6msg4
CORREOS Y TELECOMUNICACIONES,6msfg
COSTANERA,6msf 6msfg 6msg 6msg4
COSTANERA-TTIO,6msg4
COVIDUC,6msfg 6msg
COVIPOL,6msg4
COVISEC,6msg4
COVITUC,6msfg
COYA,6msg4
CRISTO BLANCO,6msg4
CRISTO POBRE,6msg47
CRISTOBAL T.AMARU,6msg4
CRUZ DE MAYO,6msfg
CRUZ VERDE,6msg 6msg4
CRUZPATA,6msg 6msg47
CUATRO HERMANOS AYAR,6msfg
CUATRO TORRES,6msg4
CUBA,6msg4c
CUESTA DE LA AMARGURA,6msg 6msg4
CUESTA DEL ALMIRANTE,6msg 6msg4
CUESTA LOS ALAMOS,6msg4
CUESTA SAN BLAS,6msg4
CUESTA SANTA ANA,6msg
CUICHI HUAICCO,6msg
CUICHIPATA,6msg
CUICHIPUNCO,6msg4
CUMUPAMPA,6msfg
CUNA DEL INCA,6msg
CURCURPATA,6msg4
CUSCO,6msf 6msg 6msg4 6msg41 6msg4c
CUSCO - ABANCAY,6msg
CUSCO ETERNO,6msg4
CUSCO SAN JERONIMO,6msfg
CUSCO-ABANCAY,6msg
CUSICOYLLOR,6msg4
CUSIPATA,6msg4
DAMIAN ACUÐA,6msg
DANIEL ALCIDES CARRION,6msg 6msg4
DANIEL ALCIDES CARRION (M. DERECHA),6msf
DANIEL ARTEAGA,6msg4c
DANIEL ESTRADA,6msf 6msfg 6msg4
DANIEL ESTRADA PEREZ SANTIAGO,6msg
DAVID CHAMPI,6msg
DAVID CHAPARRO,6msg4 6msg4c
DAVID VENERO,6msg4 6msg47
DE ARMAS,6msfg 6msg 6msg4
DE CARNES,6msg4
DE ESCRIBANOS,6msg4
DE EVITAMIENTO,6msfg
DE HARINAS,6msg4
DE LA CULTURA,6msf 6msfg 6msg 6msg4 6msg4c
DE LA PUENTE UCEDA,6msg47
DE LA RAZA,6msg
DE LA UNION,6msg 6msg47
DE LAS NAZARENAS,6msg4
DE PANES,6msg4
DEL EJERCITO,6msg 6msg4 6msg41
DEL MEDIO,6msg4
DEL ROSARIO,6msg4
DEMOCRACIA,6msg4
DEMOCRACIA-TTIO,6msg4
DESAMPARADOS,6msg
DIAGONAL,6msg4
DIAGONAL ANGAMOS,6msg4
DIEGO CRISTOBAL TUPAC AMARU,6msf 6msfg
DIEGO DE ALMAGRO,6msg
DIEGO QUISPE TITO,6msg
DIEGO QUISPE TTITO,6msg 6msg47
DIEGO TUPAC AMARU,6msg4
DIGNIDAD NACIONAL,6msg
DINAMARCA,6msfg 6msg
DOMINGO GUEVARA,6msf
DON BOSCO,6msg 6msg4
DON JOSE DE SAN MARTIN,6msg
DOS ANGELITOS,6msg41
DOS DE MAYO,6msg 6msg4
DOS DE OCTUBRE,6msg
ECHENIQUE,6msg41
ECUADOR,6msg4
EDEN,6msfg
EDGAR LA TORRE,6msg41
EDUCACION,6msfg
EDUCANDAS,6msg4
EJERCICIOS,6msg4
EL ARCO,6msg
EL CALVARIO,6msg
EL EDEN,6msfg
EL EDEN DE SANTA MARIA REYNA,6msfg
EL EDEN SECTOR SAN ANTONIO,6msfg
EL HOGAR,6msg
EL LIBERTADOR,6msfg
EL MIRADOR,6msg4 6msg47
EL MIRADOR TULLQUIPATA,6msf
EL MOLLECITO,6msfg 6msg
EL NOGAL,6msg
EL OVALO,6msg4
EL PEDREGAL ARCO TICATICA,6msg
EL PORVENIR,6msf 6msfg
EL ROBLE SECTOR SAN ANTONIO,6msfg
EL ROSAL,6msg
EL ROSAL DEL VALLE SUR,6msfg
EL SOL,6msg 6msg4 6msg41
EL SOLAR,6msf
EL TABLON,6msfg
EL TREBOL,6msg
EL VALLECITO,6msg 6msg4c
ELECTRO PERU,6msfg
EMANCIPACION,6msg
EMILIANO HUAMANTICA,6msf 6msg 6msg4
EMILIO BARCLAY,6msg4c
ENTEL PERU,6msg4
ERNESTO GUNTHER,6msg4
ESE,6msg4
ESMERALDA,6msg 6msg41
ESPADEROS,6msg4
ESPAÐA,6msg 6msg4 6msg41 6msg47
ESPERANZA,6msg4 6msg4c
ESPINAR,6msg 6msg4
ETE SUR,6msfg
EVITAMIENTO,6msf 6msfg 6msg4c
FAMILIA MOREANO,6msfg
FAMILIA MOREANO POMPILLA S.ANTONIO,6msfg
FDICSS SAN SEBASTIAN,6msf 6msfg 6msg
FEDETAC (SAN SEBASTIAN),6msfg
FEDETRAC,6msfg
FELIPE SICUS,6msg
FELIX LONCONI,6msg4
FELIX LONCONI-PROGRESO,6msg4
FERIAL,6msg4
FERNANDEZ SAN SEBASTIAN,6msfg
FERNANDO BELAUNDE TERRY,6msfg
FERNANDO TUPAC AMARU,6msf 6msfg 6msg
FEUDATARIOS POSESIONARIOS,6msg
FIDERANDA,6msg4
FIERRO,6msg
FIORI SECTOR SAN ANTONIO,6msfg
FLOR DE LA CANTUTA,6msg
FORTUNATO L. HERRERA,6msg4 6msg41 6msg4c
FOVIPOL,6msg4
FRANCIA,6msg
FRANCISCO BOLOGNESI,6msg 6msg4 6msg41
FRANCISCO BOLOGNESI (M. DERECHA),6msf
FRANCISCO DE ZELA,6msf
FRANCISCO MORALES BERMUDEZ,6msg4
FRANCISCO PALAO,6msf
FRANCISCO PIZARRO,6msg
FRANCISCO ROMAÐA,6msg41
FRANCISCO SIVIRICHI,6msg4
FRANCISCO SUBIAGA,6msg47
FRANCISCO TUPAC AMARU SISA,6msfg 6msg
FRAY MARTIN DE PORRAS,6msfg
GARCILASO,6msg
GARCILASO DE LA VEGA,6msf 6msg 6msg4
GARCILAZO,6msg 6msg4
GASTON ZAPATA,6msg4
GENERAL BUENDIA,6msg
GENERAL OLLANTA,6msf 6msg 6msg47
GORDON MAGNE,6msg4 6msg4c
GRACE,6msg4
GRANADA,6msg4
GRAU,6msg 6msg4 6msg41
GREGORIO APAZA,6msfg
GREGORIO INCA ROCA,6msf
"GRUPO ""8""",6msg
GUDIEL LATORRE,6msg4c
GUDIEL TORRE,6msg4c
GUSTAVO PEREZ OCAMPO,6msg 6msg47
GUTIERREZ CANDIA,6msg4c
HANAN,6msg4
HATUMPAMPA PICCHU,6msg
HATUN HAMAWTA,6msfg
HATUNRUMIYOC,6msg4
HELADEROS,6msg4
HERMANOS AYAR,6msf 6msg
HERMANOS AYAR-LOS INCAS,6msg4
HERMANOS AYAR-SANTIAGO,6msg
HERMOZA,6msg 6msg4
HEROES DE SAN ANTONIO,6msfg
HEROES DEL CENEPA,6msg
HERRAJES,6msg4
HIJOS DE CALEB,6msf
HILARIO MENDIVIL,6msf
HIPOLITO TUPAC AMARU BASTIDAS,6msfg
HIPOLITO UNANUE,6msg 6msg4
HIPOLITO UNANUE (MARGEN DERECHA),6msf
HOLANDA,6msg
HONOR,6msg4
HORACIO MAYO LA ROSA,6msg4c
HORACIO ZEVALLOS,6msfg
HOSPITAL,6msg
HOSPITALPAMPA,6msf
HUACHULLA HUAYCO,6msg
HUACRACALLE,6msg4
HUACRACCALLE,6msg
HUAMAN POMA DE AYALA,6msg4
HUAMANTIANA,6msg4
HUANACAURI,6msg4
HUARANCALLQUI,6msg4
HUASAHUARA,6msg
HUASAPATA,6msg
HUASCAR,6msf 6msg 6msg4
HUASCAR MANAHUAÐUNCCA,6msf
HUATANAYPATA,6msf
HUAYNA CCAPAC,6msg4
HUAYNAPATA,6msg4
HUAYNAPICCHU,6msg4 6msg41
HUAYRACALLE,6msg
HUAYRACPUNCO,6msg 6msg4
HUAYRANCALLE,6msfg
HUAYRUROPATA,6msg4
HUMBERTO LUNA,6msg4 6msg4c
HUMBERTO VIDAL UNDA,6msg 6msg4 6msg4c
HUMBOLT,6msg4
HURACAN,6msg4
HURTADO ALVAREZ,6msg4
ICA,6msg4
ILLAREQ,6msf 6msg 6msg4
ILLARY,6msg4
INCA,6msg 6msg41
INCA GARCILASO DE LA VEGA,6msg4
INCA GARCILAZO,6msg4
INCA MONTERA,6msg4 6msg47
INCA ROCA,6msf 6msg
INCA YUPANQUI,6msg4 6msg47
INCAROCA,6msg4
INDEPENDENCIA,6msf 6msg
INDOAMERICA,6msg4
INDUSTRIAL,6msg4
INDUSTRIAL HUANCARO,6msg4
INFANCIA,6msg4
INGENIERIA SAN SEBASTIAN,6msf
INGLATERRA,6msg
INKAWASI,6msg
INMACULADA CONCEPCION,6msg
INTI RAYMI,6msg
INTICAHUARINA,6msg4 6msg47
INTIHUATANA,6msg4
INTIMPA,6msfg 6msg
INTIPUNQO,6msg
INTIRAYMI,6msg
INTIRRAYMI,6msg
IQUIQUE,6msg4c
IQUITOS,6msg4
ISIDORO FLORES,6msg4c
IZCUCHACA,6msg4
JAPON,6msg
JARDIN DE KAPTUS SECTOR SAN ANTONIO,6msfg
JARDINES DE SAN ANTONIO,6msfg
JARDINES DE WANACAURI,6msfg
JARDINES DEL INCA,6msf 6msg 6msg4 6msg47
JARDINES DEL RUISEÐOR,6msg
JARDINES DEL SOL,6msf
JAVIER HERAUD,6msf 6msg4
JAVIER HERAUD PEREZ - SAN SEBASTIAN,6msfg 6msg
JAVIER PEREZ DE CUELLAR (TICATICA),6msg
JAZMINES,6msg4
JERUSALEM,6msg
JERUSALEN,6msfg 6msg 6msg41
JESUS MARIA,6msg
JESUS NUESTRO SALVADOR,6msf
JORGE CHAVEZ,6msf 6msg4
JORGE CHAVEZ-TTIO,6msf 6msg4
JORGE MANRIQUE,6msg47
JORGE NAVARRETE,6msg4 6msg41
JORGE OCHOA,6msg 6msg41
JOSE ANTONIO SUCRE,6msg
JOSE BALTA,6msg
JOSE CARLOS MARIATEGUI,6msf 6msfg 6msg 6msg4 6msg47
JOSE CARLOS MARIATEGUI-RAMIRO PRIALE,6msg
JOSE DE SAN MARTIN INTIPAMPA,6msg
JOSE ESCOBEDO,6msg4
JOSE GABRIEL CONDORCANQUI,6msf
JOSE GABRIEL COSIO,6msg4 6msg4c
JOSE GALVEZ (M. DERECHA),6msf
JOSE LUIS ORBEGOSO,6msf
JOSE MANUEL VERA,6msg
JOSE MARIA ARGUEDAS,6msf 6msg 6msg4 6msg47
JOSE OLAYA,6msf 6msg 6msg4 6msg41
JOSE OLAYA (M. DERECHA),6msf
JOSE OLAYA-APV.ZARZUELA,6msg 6msg4
JOSE SANTOS CHOCANO,6msg4 6msg47
JR.SANTA ROSA,6msg
JUAN ALARCON,6msfg
JUAN DE DIOS AGUIRRE,6msg47
JUAN ESPINOZA MEDRANO,6msf 6msg4 6msg47
JUAN PABLO II,6msfg 6msg4
JUAN SALVO,6msg41
JUAN SANTOS,6msg4
JUAN VELASCO ALVARADO,6msg
JULIAN ACHATA,6msg 6msg4
JULIO A. GUEVARA OCHOA,6msfg
JULIO C. TELLO,6msg 6msg4 6msg47
JULIO GUTIERREZ,6msg4
JUNIN,6msg
JUNTA VECINAL LA COLINA TANCARPATA,6msf 6msg4c
JUSCCAPAMPA SAN JERONIMO,6msfg
JUSTICIA,6msg4
JUSTICIA-PROGRESO,6msg4
JUSTO ARIAS,6msg
JUVENTUD,6msg4
KANTOC,6msg
KANTU,6msfg 6msg 6msg4
KANTU VERSALLES DEL CARMEN,6msfg
KARI GRANDE,6msg4 6msg4c
KAWARINA,6msg4
KAWARINA-CUATRO TORRES,6msg4
KENCCO,6msg4
KENNEDY A,6msg4
KENNEDY B,6msf 6msg4c
KENQO,6msg4
KISKAPATA,6msg4
KISWAR,6msg
KURKURPATA,6msg4
KUSIQOYLLOR-WIMPILLAY,6msf
LA AMISTAD,6msfg
LA CAMPIÐA,6msg 6msg41 6msg4c
"LA CAMPIÐA ""B""",6msg 6msg4c
LA CANTUTA,6msfg
LA COLINA,6msg4
LA CONVENCION,6msg4
LA ESMERALDA,6msg
LA ESMERALDA DE SANTA ANA,6msg
LA ESTRELLA,6msf
LA FLORIDA,6msf 6msg4
LA FLORIDA DEL INCA,6msg4
LA FORTALEZA DEL INCA,6msg4
LA FORTUNA SAN SEBASTIAN,6msg
LA FRONTERA (SAN SEBASTIAN),6msfg
LA MAR-PJ.INDEPENDENCIA,6msg
LA MARINA,6msg
LA MESETA (SAN SEBASTIAN),6msg
LA MOLINA-MARGEN DERECHA,6msf
LA PAZ,6msg 6msg4
LA PERLA,6msg
LA PLANICIE,6msfg 6msg
LA PRADERA,6msg
LA RESBALOZA,6msf
LA UNION,6msf 6msfg 6msg4
LA VERDAD,6msg4
LA VICTORIA (SECTOR TICATICA),6msg
LA ÐUSTA,6msg
LADRILLERA,6msg
LADRILLOS,6msg4
LAMAY,6msg4
LAMPA,6msg4
LANLACUYOC,6msg
LARAPA GRANDE,6msfg 6msg
LARAPA MACHUPICOL,6msg
LARAPITA (SAN JERONIMO),6msfg
LAS ACCLLAS,6msg4
LAS AMERICAS,6msg 6msg4 6msg47
LAS AMERICAS PRQ.INDUSTRIAL,6msg4
LAS BEGONIAS,6msf 6msfg 6msg4
LAS BOGANVILAS,6msg4c
LAS CASUARINAS,6msfg
LAS DALIAS,6msg4
LAS ESMERALDAS,6msfg 6msg4
LAS FLORES,6msfg 6msg
LAS FUXIAS,6msg4
LAS GARDENIAS,6msfg 6msg 6msg4
LAS GARDENIAS (SAN JERONIMO),6msfg
LAS GARDENIAS-TTIO,6msg4
LAS JOYAS,6msfg
LAS LOMAS SAN SEBASTIAN,6msg4
LAS MAGNOLIAS,6msfg 6msg 6msg4
LAS MALVINAS,6msg4
LAS MERCEDES,6msg
LAS ORQUIDEAS,6msf 6msfg
LAS ORQUIDEAS (MAGISTERIO),6msg4
LAS ORQUIDEAS DEL SOL,6msg4c
LAS PALMAS,6msf
LAS PALMERAS,6msf 6msfg 6msg 6msg4 6msg4c
LAS PRADERAS DEL SUR,6msfg
LAS RETAMAS (URB.LARAPA GRANDE),6msg
LAS SALINERAS,6msg4
LAS ÐUSTAS,6msf 6msg 6msg4
LATORRE,6msg
LECHUGAL,6msg4
LIBERTAD,6msg 6msg4 6msg47
LIBERTAD-APV.ZARZUELA,6msg 6msg4 6msg41
LIBERTADOR,6msg
LIBERTADORES,6msg
LIBERTADORES HUSARES DE JUNIN,6msg
LICENCIADOS,6msg 6msg4 6msg4c
LIMA,6msg 6msg4 6msg41 6msg47
LIMACPAMPA CHICO,6msg4
LIMACPAMPA GRANDE,6msg4
LIMATAMBO,6msg4
LINEA FERREA,6msg 6msg4
LINEA FERREA PJ.MANCCO CCAPAC,6msf 6msg4
LIVIA LOAYZA DE PALIZA,6msf
LIZARDO MONTERO,6msg
LLAULLY,6msfg
LLOQUE YUPANQUI,6msg4
LOA,6msg4c
LORETO,6msg 6msg4
LOS ALAMOS,6msf 6msg 6msg4
LOS ALAMOS - BANCO DE LA NACION,6msg4
LOS ALISOS,6msg
LOS AMAUTAS,6msg 6msg4
LOS ANDENES,6msg 6msg4
LOS ANDES,6msg
LOS ANGELES,6msf 6msg 6msg4 6msg41 6msg47
LOS AYLLUS,6msf 6msfg
LOS BRILLANTES,6msg4
LOS CACTUS,6msg4
LOS CADETES,6msg41
LOS CAPULIES,6msg 6msg4
LOS CAPULIS,6msf 6msfg
LOS CEDROS,6msfg 6msg 6msg4 6msg4c
LOS CHANCAS,6msfg 6msg4
LOS CHASQUIS,6msg 6msg4
LOS CIPRECES,6msg 6msg4
LOS CIPRECES (MARGEN DERECHA),6msf 6msg
LOS CIPRESES,6msg4
LOS CLAVELES,6msf 6msfg 6msg 6msg4
LOS CONQUISTADORES,6msg
LOS CONSTRUCTORES,6msfg
LOS CORALES,6msfg 6msg
LOS DIAMANTES,6msfg 6msg4
LOS DURAZNOS,6msg4
LOS FRUTALES,6msfg
LOS FRUTALES II,6msfg
LOS GERANIOS,6msf 6msfg 6msg 6msg4 6msg4c
LOS GIRASOLES,6msf 6msg 6msg4 6msg4c
LOS GLADIOLOS,6msfg 6msg 6msg4
LOS GLADIOLOS-TTIO,6msg4
LOS HUERTOS,6msg
LOS INCAS,6msg4
LOS JARDINES,6msf 6msg 6msg4
LOS JARDINES DE LARAPA,6msfg 6msg
LOS JARDINES DE SAN JERONIMO,6msfg 6msg
LOS JARDINES DE VERSALLES,6msfg 6msg
LOS JASMINES,6msg
LOS JAZMINES,6msg4
LOS KANTUS,6msg4 6msg47
LOS KANTUS DE SAN ANTONIO,6msfg
LOS KANTUS-TTIO,6msg4
LOS K`ANTUS DE LARAPA,6msfg 6msg
LOS LAURELES,6msf
LOS LIBERTADORES,6msf 6msg 6msg4
LOS LIBERTADORES (SAN ANTONIO),6msfg
LOS LICENCIADOS,6msg 6msg4 6msg4c
LOS LIRIOS,6msfg 6msg4
LOS MANANTIALES,6msfg 6msg 6msg4 6msg4c
LOS MANGLARES,6msf 6msg
LOS MARQUESES,6msg4c
LOS MOLINOS,6msg
LOS NOGALES,6msf 6msfg
LOS OLIVOS,6msg
LOS OLIVOS-APV ROSAURA,6msf
LOS PERALES,6msg
LOS PINOS,6msf 6msg 6msg4
LOS PORTALES,6msg 6msg4
LOS PORTALES DE TICA TICA,6msg
LOS PORTALES DE VERSALLES,6msfg
LOS PRINCIPES DEL IMPERIO,6msg4
LOS PROCERES,6msg 6msg4
LOS PROFESIONALES,6msg4
LOS RETAMALES,6msfg 6msg
LOS ROBLES,6msg
LOS ROSALES,6msf 6msfg 6msg 6msg4
LOS ROSALES DE SANTA ISABEL,6msfg
LOS RUBIES,6msg4
LOS RUISEÐORES,6msfg
LOS SAUCES,6msf 6msfg 6msg 6msg4 6msg4c
LOS SAUCES - LA FLORIDA,6msg4
LOS SAUCOS,6msfg 6msg
LOS TULIPANES,6msf 6msg4
LOS VALORES,6msfg
LOS ZAFIROS,6msfg
LOS ZORRITOS,6msg
LOS ZORZALES,6msf 6msg
LOURDES,6msg
LOURDES R. CARRION,6msg
LUCERINAS,6msfg
LUCREPATA,6msg4 6msg47
LUIS ALBERTO SANCHEZ,6msg4
LUIS NIETO MIRANDA,6msg
LUIS UZATEGUI,6msg 6msg41
LUIS UZATEGUI ARCE,6msg41
LUIS VALLEJO SANTONI,6msf 6msg 6msg4
LUIS VALLEJO SANTONI-TTIO,6msg4
LUIZ UZATEGUI,6msg41
LUZ DE VIDA,6msg
LUZMILA DEL SOLAR,6msg
MACHUPICCHU,6msf 6msg4 6msg41 6msg47
MACHUPICOL (EL TABLON)LARAPA,6msg
MAG. SUTEP CLORINDA MATTO DE TURNER,6msg
MAGISTERIAL,6msg4 6msg4c
MALAMPATA,6msg
MALECON - APV ROSAURA,6msf
MALECON HUANCARO,6msf 6msg 6msg4
MAMELON DEL SUR SAN SEBASTIAN,6msf 6msfg
MANAHUAÐUNCA,6msf 6msg 6msg4
MANCO CAPAC,6msf 6msg4
MANCO CCAPAC,6msf 6msg4
MANCO INCA,6msf 6msg 6msg4
MANGLIO CARRASCO,6msg4
MANTAS,6msg4
MANUEL A. SEGURA,6msg4
MANUEL ALONSO,6msg
MANUEL ALONZO,6msg
MANUEL ASCENCIO SEGURA,6msg4
MANUEL CALLO,6msg41
MANUEL CHAVEZ,6msfg 6msg
MANUEL GONZALES PRADA,6msg4 6msg47
MANUEL PRADO,6msg4
MANZANAPATA,6msg 6msg41
MANZANARES,6msg4 6msg47
MARCACHAYOC,6msg
MARCAPATA (SAN SEBASTIAN),6msg 6msg4
MARCAROPAMPA SAN JERONIMO,6msfg
MARCAVALLE,6msfg 6msg4 6msg4c
MARCIAL VELASQUEZ,6msg4 6msg47
MARCO A. AYERBE FLORES,6msg41
MARCONA-DIGNIDAD NAC.,6msg
MARIA ANGOLA (VERSALLES),6msfg
MARIA AUXILIADORA-TTIO,6msg4
MARIA DE LOS ANGELES,6msfg
MARIANITO FERRO,6msg4
MARIANO CASTRO,6msfg
MARIANO DE LOS SANTOS,6msg4 6msg41
MARIANO MELGAR,6msg
MARIANO MELGAR (M. DERECHA),6msf
MARIANO SANTOS,6msg4c
MARIANO SANTOS (M. DERECHA),6msf
MARIANO TUPAC AMARU BASTIDAS,6msfg
MARIANO ZAPATA,6msg
MARINA,6msg
MARISCAL CACERES,6msg 6msg41
MARISCAL CASTILLA,6msg 6msg4
MARISCAL GAMARRA,6msf 6msg4 6msg41
MARISCAL GAMARRA I ETAPA,6msg4 6msg47
MARISCAL GAMARRA II ETAPA,6msg4 6msg47
MARQUEZ,6msg4
MARURI,6msg4
MATAMOROS,6msfg
MATARA,6msg4
MATEO PUMACAHUA,6msg 6msg4
MATEO PUMACCAHUA,6msg
MAYTA CAPAC,6msf
MEDIA LUNA,6msg
MELGAR,6msg
MELOC,6msg
MERCADO CENTRAL,6msg 6msg4
MERCADO DE ROSASPATA,6msg47
MERCADO DE SAN BLAS,6msg4
MESA REDONDA,6msg47
MEZON DE LA ESTRELLA,6msg4
MICAELA BASTIDAS,6msf 6msg 6msg4 6msg47
MICAELA BASTIDAS (M. DERECHA),6msf
MICHIPATA,6msg 6msg4
MIGUEL BASTIDAS,6msfg
MIGUEL GRAU,6msf 6msg
MIGUEL GRAU (M. DERECHA),6msf
MILAGROS DEL CARMEN,6msg
MINK┤A,6msg
MIRACALZETAS,6msg4
MIRADOR,6msg
MIRADOR CUSQUEÐO,6msf
MIRADOR MOREANO,6msfg
MIRADOR NUEVA ESPERANZA,6msfg
MIRADOR PACHACUTEC (SAN SEBASTIAN),6msg
MIRADOR RETAMALES,6msfg
MIRADOR SALKANTAY,6msg
MIRADOR UNUHUAYCCO,6msg
MIRAFLORES,6msf 6msg 6msg4 6msg4c
MIRASOL,6msg
MIRAVALLE,6msg4
MITIMAES,6msg4
MOCHICA,6msfg 6msg4
MODELO,6msg
MONITOR HUASCAR,6msg
MONJASPATA,6msg 6msg4
MONTERREY,6msfg 6msg
MONTERRICO (SAN SEBASTIAN),6msg
MORROSOLAR,6msf
MOSOC AYLLU,6msfg
MOSOCLLACTA,6msg4 6msg47
MOYOPATA,6msg
MUNAY,6msfg
MUNAY SONCCO SAN SEBASTIAN,6msg
NACION SAN ANTONIO,6msfg
NACIONES UNIDAS,6msg
NARCISO ARESTEGUI,6msg47
NAVAL,6msg 6msg4c
NAVIDAD,6msg4
NAZARET,6msfg 6msg
NAZCA,6msfg 6msg4
NESTOR VALENZUELA,6msg
NICARAGUA,6msg4c
NICOLAS DE PIEROLA,6msg47
NIWA,6msfg
NIÐO DE PRAGA,6msg4c
NIÐO MANUELITO,6msf
NUEVA ALIANZA SAN JERONIMO,6msfg
NUEVA ALTA,6msg 6msg4
NUEVA AMISTAD,6msf
NUEVA BAJA,6msg
NUEVO (REGOCIJO),6msg4
NUEVO HORIZONTE,6msf 6msfg
NUEVO MILENIO,6msg
O'HIGGINS,6msg
OBISPO MOLLINEDO,6msg 6msg4c
OCHO SAN AGUSTIN,6msg
OLLANTA,6msg 6msg4
OLLANTAY,6msg4
OLLANTAYTAMBO,6msg4 6msg41
ONIX,6msg4
ORION QAWARINA (SAN SEBASTIAN),6msg4c
OROPEZA,6msg4
OSCOLLOPAMPA,6msf 6msfg
OSWALDO BACA,6msg4 6msg4c
OTILIA RAMOS,6msg
PACCAYPATA SAN SEBASTIAN,6msg
PACHACAMAC,6msf 6msfg
PACHACUTEC,6msf 6msg 6msg4 6msg41
PACHACUTEC (SAN SEBASTIAN),6msg
PACHAMAYO,6msg
PACHAMAYO II ETAPA (SAN SEBASTIAN),6msg
PACIFICO,6msfg 6msg 6msg4 6msg41
PACIFICO (SAN ANTONIO),6msfg
PAITITI,6msg4 6msg41
PALACIO,6msg4
PALESTINA,6msg4
PAMPA ALIANZA,6msg4
PAMPA DEL CASTILLO,6msg4
PAMPAS DORADAS,6msfg 6msg
PANAKA REAL SECTOR SAN ANTONIO,6msfg
PANAMA,6msg4c
PANTAC CALLE,6msg4
PANTI,6msg
PANTIPATA,6msg4
PARACAS,6msfg 6msg4
PARAGUAY,6msg47
PARAISO C&S SAN SEBASTIAN,6msfg
PARAISO DE FATIMA (SAN ANTONIO),6msfg
PARDO,6msg 6msg4 6msg41
PARQUE DE LA MADRE,6msg4
PARQUE INDUSTRIAL,6msg4
PARQUE LAS AMERICAS,6msg4
PARURO,6msg4
PARURO-PROGRESO,6msg4
PASEO CACHIMAYO,6msg
PASEO DE LA ZARZUELA,6msg4
PASÐAPACANA,6msg4
PATACALLE,6msg 6msg4
PATAPAULA,6msg
PATRON SAN JERONIMO,6msfg
PAUCARTAMBO,6msg4
PAVITOS,6msg4
PAZ SOLDAN,6msg41
PEDRO HUILLCA TECSE,6msg
PEDRO MENDIGURE,6msfg
PEDRO RUIZ GALLO,6msg
PEDRO VILCAPAZA,6msg4
PEDRO VILCAPAZA-LOS INCAS,6msg4
PENSAMIENTO,6msg4
PERA,6msg4 6msg41
PERLA DE GRAU SAN SEBASTIAN,6msfg
PERLAS DE GRAU,6msfg
PERU,6msf 6msg 6msg4 6msg41 6msg4c
PERU-SANTIAGO,6msf 6msg 6msg4
PER┌,6msg4
PETROPERU,6msfg
PICCHU ALTO,6msg
PICCHU CUCHU,6msg
PICCHU LA RINCONADA,6msg 6msg4
PICCHU SAN MARTIN,6msg
PICOL MOJONPATA,6msfg
PICOL ORCCOMPUGIO,6msf 6msfg 6msg
PISAC,6msg4
PIURA,6msg4
PIZARRO,6msf 6msg
PLATEROS,6msg4
PLAZA RECREO,6msg
POLICARPO CABALLERO,6msg4 6msg47
POLICIA TECNICA,6msg4
POSADA DEL INCA SAN SEBASTIAN,6msfg
POSADA DEL MAGISTERIO,6msfg
POSADA DEL SOL (SAN SEBASTIAN),6msfg
PRADERAS DE SAN ANTONIO,6msfg
PRADERAS DEL INKA (SAN SEBASTIAN),6msf 6msg
PRADO DE VERSALLES,6msfg
PRECURSORES,6msg
PRIMAVERA,6msfg 6msg 6msg4 6msg4c
PRIMERO DE JUNIO,6msg
PRIMERO DE MAYO,6msfg 6msg 6msg4
PRIMERO DE NERO (SANTIAGO),6msg4
PRIMERO DE OCTUBRE,6msg4c
PRL ANTISUYO,6msg4
PROCASA,6msfg
PROCERES,6msg4
PROCURADORES,6msg4
PROGRESO,6msg 6msg4
PROLETARIOS,6msg4
PROLONGACION CONQUISTA,6msg
PROLONGACION RETIRO,6msg47
PUCA PUCARA,6msg4
PUCAPUCARA,6msg4
PUCRUPAMPA,6msg4
PUCYUPATA-ARCO TICATICA,6msg
PUEBLO LIBERTADOR,6msfg
PUEBLO LIBRE,6msg
PULUCHAPATA,6msg4
PUMACAHUA,6msg4 6msg47
PUMACAHUA (M. DERECHA),6msf
PUMACCHUPAN,6msg 6msg4 6msg41
PUMACURCO,6msg4
PUMAPACCHA,6msg4
PUNGAHUAYCCO,6msg4
PUNTA SAL (KARI GRANDE),6msg4
PUPUTI,6msg4 6msg47
PUQUIN-SANTIAGO,6msg
PURGATORIO,6msg4
QORICANCHA,6msf 6msg4 6msg41
QOSQO,6msf 6msg4
QOSQO QHAWARINA,6msfg
QOSQORUNAS,6msf
QQUEUÐA,6msf 6msfg
QUEBRADA DE KULLCHI-1,6msg
QUENCCO,6msg4
QUERA,6msg4 6msg4c
QUESHUA,6msg
QUEUÐA,6msg
QUILLABAMBA,6msf 6msg4
QUILLICHAPATA,6msg
QUINTA JARDIN - SANTIAGO,6msg41
QUINTA VALLECITO,6msg
QUIQUIJANA,6msg4
QUISCAPATA,6msg 6msg41
QUISPICANCHI,6msg4 6msg4c
QUISPIQUILLA CHICO,6msfg 6msg 6msg4c
QUISPIQUILLA GRANDE,6msfg
QUISWAR,6msf 6msfg 6msg
QUIÐONES,6msf
RAFAEL AGUILAR PAEZ,6msg4 6msg4c
RAFAEL GIBAJA,6msg4 6msg4c
RAFAEL QUINTANILLA,6msg4
RAMIRO PRIALE,6msf 6msg 6msg4
RAMON CASTILLA,6msg 6msg4 6msg41
RAMON ZAVALETA,6msg4
RAQUEL,6msg
RAUL SALIZAR,6msg4
RAYAMPATA,6msg4 6msg47
RAYANCATA,6msg 6msg4
RECOLETA,6msg4 6msg47
REGIONAL,6msg4 6msg41
REGOCIJO,6msg4
RENE DE LA COLINA,6msg
REPUBLICA,6msg
REPUBLICA DE ARGENTINA,6msg4
REPUBLICA DE BOLIVIA,6msg4
REPUBLICA DE BRASIL,6msg4
REPUBLICA DE CHILE,6msg4
REPUBLICA DE COLOMBIA,6msg4
REPUBLICA DE ECUADOR,6msg4
REPUBLICA DE PARAGUAY,6msg4
REPUBLICA DE PERU,6msg4
REPUBLICA DE URUGUAY,6msg4
REPUBLICA DE VENEZUELA,6msg4
REPUBLICA DEL PERU,6msg4
RESBALOZA,6msg 6msg4
RESIDENCIA DEL PRADO,6msg4
RESIDENCIAL LOS KANTUS,6msfg
RESIDENTES DE YANATILLE,6msfg
RETAMAL,6msg
RETAMAYOC SAN SEBASTIAN,6msf
RETIRO,6msg4 6msg47
RETIRO - AV.INFANCIA,6msg4
REYNA DE BELEN,6msg4 6msg41
RICARDO PALMA,6msfg 6msg 6msg4
RICARDO PALMA-SANTA MONICA,6msg4
RIMAC,6msg41
RINCONADA INTICANCHA,6msfg
ROBERTO ACOSTA,6msg4 6msg4c
ROCOPATA,6msg 6msg41
RODRIGUEZ BALLON,6msf
RODRIGUEZ BALLON-KENNEDY,6msf
ROSA MERINO (INDEPENDENCIA),6msg
ROSA TUPAC AMARU,6msf 6msfg
ROSASPATA,6msf 6msfg 6msg
RUINAS,6msg4
RUIZ CARO,6msg 6msg41
RUMI HUANCARO,6msf
RUMIÐAHUY-URB.LOS INCAS,6msg4
RUMIÐAN,6msg4c
RVDO.PADRE MANYA,6msg
SACASHUAYLLA,6msfg 6msg
SACASHUAYLLA-TICAPATA,6msg 6msg4c
SACCSACCATA,6msg
SACRACHAYOC,6msg4
SACRAMAYO,6msg
SACRISTANNIYOC,6msg
SACSAYHUAMAN,6msg4 6msg41
SALAVERRI,6msg4 6msg47
SAN AGUSTIN,6msg4
SAN AGUSTIN QUISPIQUILLAY,6msf
SAN ANDRES,6msg4
SAN ANTONIO,6msfg 6msg
SAN ANTONIO (SECTOR PUQUIN),6msg
SAN ANTONIO LA ALBORADA,6msfg
SAN BENITO,6msg 6msg47 6msg4c
SAN BERNARDO,6msfg 6msg4
SAN BLAS,6msg4
SAN BORJA,6msg4
SAN CAMILO,6msf
SAN CRISTOBAL,6msg 6msg4
SAN FRANCISCO,6msg4
SAN FRANCISCO (APV VERSALLES),6msfg
SAN FRANCISCO-PARQUE,6msg4
SAN GABRIEL,6msf
SAN GERONIMO,6msf 6msfg
SAN GREGORIO PROL.BOLIVAR,6msg
SAN ISIDRO,6msg 6msg4 6msg47
SAN ISIDRO MARGEN DERECHA,6msf
SAN JOSE,6msg 6msg4
SAN JOSE DE OBRERO,6msg4
SAN JOSE-SANTIAGO,6msg
SAN JUAN,6msfg 6msg
SAN JUAN (SANTA MARIA DE MANZANARES),6msg4
SAN JUAN DE DIOS,6msg4
SAN JUAN DE DIOS ALFARPATA,6msg
SAN JUAN MASIAS,6msfg
SAN JUDAS CHICO,6msf 6msg4
SAN JUDAS CHICO II,6msg4
SAN JUDAS GRANDE,6msg4
SAN LORENZO (SAN JERONIMO),6msfg
SAN LUIS,6msfg 6msg
SAN MARCOS,6msg4
SAN MARTIN,6msf 6msg 6msg4 6msg41
SAN MARTIN DE PORRAS,6msg47
SAN MIGUEL,6msg 6msg4 6msg41
SAN PABLO,6msg4
SAN PEDRO,6msg 6msg4 6msg41
SAN PEDRO-CUSCO,6msf 6msg
SAN SEBASTIAN,6msfg 6msg 6msg4
SAN SEBASTIAN (R-10),6msg 6msg4c
SAN SILVERIO,6msf
SAN VALENTIN (SANTIAGO),6msg
SAN VICENTE,6msg
SANTA ANA,6msg
SANTA ANITA (TICATICA),6msg
SANTA BEATRIZ,6msg4
SANTA CATALINA,6msg4
SANTA CATALINA ANCHA,6msg4
SANTA CATALINA ANGOSTA,6msg4
SANTA CLARA,6msg 6msg4
SANTA CLARA (VERSALLES),6msfg
SANTA CRUZ DE PEÐA,6msg4
SANTA EULALIA SECTOR SAN ANTONIO,6msfg
SANTA FE,6msg
SANTA INES,6msg 6msg4
SANTA ISABEL,6msg
SANTA LUCIA,6msg
SANTA LUCILA,6msf
SANTA LUISA,6msg
SANTA MARIA DE MANZANARES,6msg4
SANTA MARIA QUINTA JARDIN,6msg
SANTA MARTHA,6msfg
SANTA MONICA,6msg4
SANTA RITA,6msg
SANTA ROSA,6msg 6msg4 6msg41 6msg4c
SANTA ROSA DE LA GUARDIA CIVIL,6msfg 6msg
SANTA ROSA-APV.ZARZUELA ALTA,6msg 6msg4
SANTA TERESA,6msg4
SANTA URSULA,6msg4 6msg4c
SANTIAGO,6msf 6msg 6msg41
SANTISIMO,6msg
SANTO DOMINGO,6msg4 6msg47
SANTO TORIBIO,6msg47
SANTUTIS CHICO,6msg
SAPANTIANA,6msg4
SAPHY,6msg 6msg4
SARASARA,6msg4
SARGENTO LORES,6msg
SATELITE SECTOR SAN ANTONIO,6msfg
SAUCES DE LA PRADERA,6msg
SAUSIPATA,6msg
SAYARI SABADO BARATILLO,6msg
SAYLLA,6msg4
SELVA ALEGRE,6msg
SEPTIMA CUADRA,6msg47
SEÐOR DE ANIMAS,6msg4
SEÐOR DE CAÐIBAMBA,6msf
SEÐOR DE CCOYLLORITTI,6msf
SEÐOR DE ECCE HOMO,6msg
SEÐOR DE EXALTACION,6msfg
SEÐOR DE HUANCA,6msf 6msg
SEÐOR DE HUANCA - SAN JERONIMO,6msfg
SEÐOR DE HUANTA,6msg
SEÐOR DE LOS ANILLOS,6msfg
SEÐOR DE LOS MILAGROS,6msf 6msg4
SEÐOR DE QUILLQUE,6msg
SEÐOR DE TORRECHAYOC,6msg
SICLLAPATA,6msg
SICUANI,6msg4
SIETE,6msg4
SIETE ANGELITOS,6msg4
SIETE BORREGUITOS,6msg4
SIETE CUARTONES,6msg 6msg4
SIETE DIABLITOS,6msg4
SIETE MASCARONES,6msf 6msg 6msg41
SIETE VENTANAS,6msg4
SIMON BOLIVAR,6msg 6msg4
SIMON BOLIVAR (M. DERECHA),6msf
SIMON BOLIVAR-APV.ZARZUELA ALTA,6msg
SIMON HERRERA FARFAN,6msf 6msfg 6msg4
SIN NOMBRE,6msf 6msfg 6msg 6msg4 6msg41 6msg4c
SIN NOMBRE (M. DERECHA),6msf
SIN NOMBRE 20-RAMIRO PRIALE,6msg 6msg4
SIN NOMBRE 21-RAMIRO PRIALE,6msg 6msg4
SIN NOMBRE 22-RAMIRO PRIALE,6msg
SIN NOMBRE 23-RAMIRO PRIALE,6msg
SIN NOMBRE C-APV.RUIZ CARO,6msg
SIN NOMBRE-1 RAMIRO PRIALE,6msf 6msg
SIN NOMBRE-10 RAMIRO PRIALE,6msg
SIN NOMBRE-11 RAMIRO PRIALE,6msg
SIN NOMBRE-12 RAMIRO PRIALE,6msg
SIN NOMBRE-13 RAMIRO PRIALE,6msg
SIN NOMBRE-14 RAMIRO PRIALE,6msg
SIN NOMBRE-15 RAMIRO PRIALE,6msg 6msg4
SIN NOMBRE-16 RAMIRO PRIALE,6msf 6msg
SIN NOMBRE-17 RAMIRO PRIALE,6msf 6msg
SIN NOMBRE-19 RAMIRO PRIALE,6msg
SIN NOMBRE-2 RAMIRO PRIALE,6msg
SIN NOMBRE-20 RAMIRO PRIALE,6msg
SIN NOMBRE-3 RAMIRO PRIALE,6msg
SIN NOMBRE-4 RAMIRO PRIALE,6msg
SIN NOMBRE-5 RAMIRO PRIALE,6msg
SIN NOMBRE-6 RAMIRO PRIALE,6msf
SIN NOMBRE-7 RAMIRO PRIALE,6msg
SIN NOMBRE-8 RAMIRO PRIALE,6msg
SIN NOMBRE-9 RAMIRO PRIALE,6msg
SIN NOMBRE-APV.KANTOC,6msg
SIN NOMBRE-APV.ZARZUELA ALTA,6msg4 6msg41
SIN NOMBRE-CONTRUC.CIVIL,6msg
SIN NOMBRE-ILLAREQ,6msf 6msg 6msg4
SIN NOMBRE-MANAHUAÐONCA,6msf 6msg
SIN NOMBRE-MANAHUÐONCA,6msf 6msg
SIPASPUJIO,6msg
SOCORRO,6msg4 6msg47
SOCORROPATA,6msg4 6msg47
SOL DE AMERICA - WIMPILLAY,6msf
SOL DE LOS ANDES - SAN SEBASTIAN,6msg
SOL DE ORO,6msg
SOL NACIENTE,6msf 6msg
SORAMA,6msf
SUCRE,6msg 6msg4 6msg41
SUCSO,6msg
SUECIA,6msg4
SUIZA,6msf 6msg
SURIHUAYLLA,6msfg
SURIHUAYLLA CHICO,6msf
SURIHUAYLLA GRANDE,6msfg 6msg
SURIMANA,6msfg
SURQUILLO,6msg
SUYTUCATO,6msg4
TABLON NIÐO DE JESUS,6msfg 6msg
TACNA,6msg 6msg4
TAMBILLO,6msg4
TAMBO,6msg4
TAMBO DE MONTERO,6msg 6msg4
TAMBO DE ORO,6msfg
TAMBOBAMBA,6msg4
TAMBOMACHAY,6msg4
TAMBOPATA,6msg
TANCARPATA,6msf
TANDAPATA,6msg 6msg4
TARAPACA,6msg 6msg4 6msg4c
TEATRO,6msg4
TECSECOCHA,6msg4
TECTE,6msg4
TEJAHUASI,6msg
TENERIA IV FRACCION II,6msg
TEODOCIO SERRUDO,6msg 6msg4 6msg41
TERRA SOL,6msfg
TETECCACCA,6msg47
TICATICA,6msg
TIERRA PROMETIDA,6msg
TIGRE,6msg4
TINCOC SANTIAGO,6msf 6msg4
TINGO,6msfg
TINGO-MARCAROPAMPA,6msfg
TINK'A (SAN SEBASTIAN),6msfg
TINTA,6msfg 6msg4
TIOBAMBA SANTIAGO,6msf 6msg4
TIPON,6msg4
TIWINSA,6msf
TOCCOCACHI,6msg4
TOCUYEROS,6msg4
TOMAS KATARI,6msf 6msfg 6msg
TOMAS TUIROTUPA 7MO PARADERO,6msg
TOMAS TUYRU TUPAC,6msg
TOMAS TUYRUTUPA,6msg 6msg4c
TOMASA TITO CONDEMAYTA,6msfg
TOMASA TTITO CONDEMAITA,6msg47
TOMASA TTITO CONDEMAYTA,6msfg 6msg4
TOPACIO,6msg4
TORDO,6msg 6msg4
TORRE TAGLE,6msf 6msg 6msg41
TOTORAPACCHA,6msg4
TREBOL,6msg4
TRES,6msfg 6msg
TRES CRUCES,6msg 6msg4
TRES CRUCES DE ORO,6msg4 6msg41
TRES DE MAYO,6msf 6msfg 6msg
TRES MARIA,6msg
TRES MARIAS,6msg
TRICENTENARIO,6msg4
TRINIDAD ENRIQUEZ,6msg4
TRINIDAD ENRRIQUEZ-TTIO,6msg4
TRINITARIAS,6msg4
TRISTAN,6msg
TRIUNFADOR,6msg
TRIUNFO,6msg 6msg4
TRUJILLO,6msg
TTIO,6msf 6msg4
TTUYQUIPATA SECTOR TANCARPATA,6msf
TUCUY RICUY,6msg4
TULLUMAYO,6msg4 6msg41
TUNGASUCA,6msfg
TUPAC AMARU,6msf 6msfg 6msg 6msg4 6msg41
TUPAC AMARU (M. DERECHA),6msf 6msg
TUPAC KATARI,6msfg
TUPAC YUPANQUI,6msg4 6msg47
TURQUESAS,6msg4
UCAYALI,6msg4
UCAYALI-M.PUMACAHUA,6msg4
UCCHULLO ALTO,6msg4 6msg47
UCCHULLO GRANDE,6msg4 6msg47
UMANCHATA,6msg
UNION,6msf 6msfg 6msg 6msg4 6msg41 6msg4c
UNION CALLANCA,6msg
UNION SAN MARTIN,6msf 6msg 6msg4
UNION SANTA CRUZ,6msfg
UNIVERSITARIA(JOSE F. SANCHEZ CARRION),6msg4
UNO,6msfg
URB VELASCO ASTETE,6msf
URCOS,6msg4
URCOS-PROGRESO,6msg4
URIEL GARCIA,6msf 6msg4
URIEL GARCIA-TTIO,6msg4
URPICHA,6msg4
URUBAMBA,6msg4
URUBAMBILLA,6msg47
URUBAMBIÐAYOC,6msfg
URUGUAY,6msg4
UVIMA,6msf 6msfg
UVIMA I,6msfg
UVIMA II,6msf 6msfg
UVIMA III,6msfg
UVIMA IV,6msf
UVIMA V,6msfg
UVIMA VII,6msfg
UÐACCAYRA SAN SEBASTIAN,6msg 6msg4 6msg4c
VALLECITO,6msf 6msfg 6msg 6msg4c
VALLECITO DEL SUR SECTOR SAN ANTONIO,6msfg
VALLECITO HUANCARO,6msg4
VELASCO ALVARADO,6msg
VELASCO ASTETE,6msf 6msg4
VELASCO ASTETE-SANTIAGO,6msg
VELASCO QUINTANILLA,6msg47
VENEZUELA,6msg 6msg4 6msg4c
VENTURA MONJARAS,6msfg
VERA VELASCO,6msfg
VERSALLES,6msfg 6msg
VIA EXPRESA,6msfg 6msg 6msg4
VIA FERREA,6msg4
VICTOR ANGLES,6msg
VICTOR RAUL HAYA DE LA TORRE,6msf 6msg4
VICTORIA,6msg 6msg4
VICTORIA PALESTINA,6msg 6msg41
VICUS,6msfg
VILCABAMBA,6msg41
VILCANOTA,6msf 6msg4
VILLA ALLPAORCCONA,6msfg 6msg
VILLA ANDINA,6msg
VILLA CARMEN,6msfg 6msg 6msg47
VILLA CAZORLA,6msg
VILLA CCOTA CALLE,6msf
VILLA CELESTE,6msg
VILLA CRUZ VERDE N░20,6msg
VILLA CRUZ VERDE N░21,6msg
VILLA DEL CARMEN DE VERSALLES,6msfg
VILLA DEL INCA,6msg4
VILLA ECOLOGICA,6msg
VILLA EL CARMEN,6msfg
VILLA EL CHAPARRAL - SAN SEBASTIAN,6msfg
VILLA EL PERIODISTA,6msg4 6msg4c
VILLA EL SALVADOR,6msfg
VILLA EL SOL,6msg
VILLA GUADALUPE,6msf
VILLA HERMOZA PARTE ALTA,6msg
VILLA LA CAPULLANA,6msfg
VILLA LA RINCONADA,6msf 6msfg
VILLA LAS PALMERAS,6msf
VILLA LAS ROCAS,6msg
VILLA LOS ANDES SAN JERONIMO,6msfg 6msg
VILLA LOS ARENALES SAN JERONIMO,6msf 6msfg
VILLA LOS FRUTALES,6msfg
VILLA LOS LIMAS,6msf
VILLA LOS OLIVOS,6msg
VILLA LOS PINOS,6msfg
VILLA MANZANARES,6msg4
VILLA MANZANARES SAN SEBASTIAN,6msg4
VILLA MARIA,6msg
VILLA MARIA MAGDALENA,6msg4
VILLA MERCEDES,6msg
VILLA MIRADOR,6msg
VILLA MIRADOR II ETAPA,6msg
VILLA MIRAFLORES,6msf 6msfg
VILLA NAVIDAD (MARGEN DERECHA),6msf
VILLA NUEVA ESPERANZA,6msg
VILLA PACCARECTAMBO,6msf
VILLA PRIMAVERA,6msf
VILLA ROSARIO,6msg
VILLA SALUD SAN ANTONIO,6msfg 6msg
VILLA SAN ANTONIO,6msfg
VILLA SANTA BEATRIZ,6msf 6msfg
VILLA SEBASTIANA,6msfg 6msg
VILLA SOL NACIENTE (TICATICA)ZONA-6,6msg
VILLA TICA TICA,6msg
VILLA UNION HUANCARO,6msf
VILLA VICTORIA,6msfg
VILLA ZARATE,6msf
VIRGEN ASUNTA,6msfg
VIRGEN ASUNTA (CUSCO),6msg
VIRGEN CONCEPCION PUQUIN,6msg
VIRGEN DE BELEN,6msfg
VIRGEN DE GUADALUPE,6msg4
VIRGEN DE LA NATIVIDAD,6msg
VIRGEN DEL CARMEN,6msfg 6msg 6msg4 6msg41 6msg4c
VIRGEN DEL ROSARIO,6msf
VIRGEN DEL TRANSITO,6msg4
VIRGEN NATIVIDAD,6msf
VIRREINAL-SANTA ANA,6msg
VIRREYNAL,6msg
VIRU,6msg4
VISTA ALEGRE,6msf 6msg
VITOQUE,6msg
VIVA EL PERU I ETAPA,6msf
VIVA EL PERU II ETAPA,6msf 6msg4
WARI,6msfg
WARY,6msf 6msfg
WIRACOCHA,6msfg 6msg 6msg4 6msg47
WISPAMPA,6msg
YACAMURA,6msg4c
YACANORA,6msfg 6msg4 6msg4c
YASUNI,6msg4
YURACPUNCO,6msg47
ZAFIROS,6msg4
ZAGUAN DEL CIELO,6msg4 6msg47
ZARUMILLA,6msg 6msg4
ZARZUELA,6msg4
ZARZUELA ALTA,6msg 6msg4
ZARZUELA BAJA,6msg4
ZAVALETA,6msg4
ZEPITA,6msg4c
ZETAS,6msg4
ÐUCCHO,6msfg
ÐUCCHU,6msg4
,6msf 6msfg 6msg 6msg4 6msg41 6msg47 6msg4c
